category,avg_faithfulness,avg_answer_relevance,avg_groundedness,avg_latency_ms
simple_factual,0.15,0.85,0.7,6020.873159170151
complex_multi_aspect,0.0,1.0,0.7,10243.146568536758
filtered,0.35,1.0,0.7,9224.065572023392
paper_id,,,,13163.415710131327
comparative,0.35,0.85,0.7,4573.825081189473
temporal,0.0,1.0,0.6999999999999998,6497.907002766927
irrelevant,,,,
edge_case,0.175,0.8,0.7,9816.28429889679
